source_file,source_row_number,raw__source_object_id,source_object_id,raw__event_id,event_id,raw__incident_date,incident_date,raw__asset_type,asset_type,raw__road_closure,road_closure,raw__sidewalk_closure,sidewalk_closure,raw__estimated_repair_hours,estimated_repair_hours,raw__estimated_units_impacted,estimated_units_impacted,raw__cw_service_request_number,cw_service_request_number,raw__break_status,break_status,raw__status_updated_date,status_updated_date,raw__cw_workorder_number,cw_workorder_number,raw__normal_service_date,normal_service_date,raw__break_nature,break_nature,raw__break_cause,break_cause,raw__repair_type,repair_type,raw__planned_maintenance_type,planned_maintenance_type,raw__valves_closed,valves_closed,raw__valves_opened,valves_opened,raw__hydrants_called_out,hydrants_called_out,raw__hydrants_called_back_in,hydrants_called_back_in,raw__break_category,break_category,raw__road_segment_id,road_segment_id,raw__closest_civic_number,closest_civic_number,raw__street,street,raw__related_asset_id,related_asset_id,raw__asset_depth_m,asset_depth_m,raw__frost_depth_m,frost_depth_m,raw__asset_size_reported,asset_size_reported,raw__reported_installation_year,reported_installation_year,raw__asset_material,asset_material,raw__asset_exists,asset_exists,raw__global_id,global_id,raw__update_by,update_by,raw__update_date,update_date,raw__x,x,raw__y,y,invalid_primary_key,eligible_event,matched_asset,ambiguous_asset,unmatched_asset,placeholder_related_asset_id,matched_installation_date,event_before_install,reliable_event,event_disposition,incident_day,same_pipe_day_event_count,same_pipe_day_multiple_events,eligible_same_pipe_day_event_count,eligible_same_pipe_day_multiple_events
Water_Main_Breaks_-8394745777553033727.csv,2076,10071,10071,1035,1035,12/15/2011 12:00:00 AM,2011-12-15T00:00:00,MAIN,MAIN,,,,,,,,,,,REPAIR COMPLETED,REPAIR COMPLETED,12/15/2011 3:38:27 PM,2011-12-15T15:38:27,,,,,UNKNOWN,UNKNOWN,OTHER,OTHER,,,,,,,,,,,,,CATEGORY 1,CATEGORY 1,0,0,,,,,0,0,,,,,,,,,,,N,N,21fba635-a684-4fd3-8a9e-f75eee7349ca,21fba635-a684-4fd3-8a9e-f75eee7349ca,DAVIDV,DAVIDV,12/15/2011 3:38:27 PM,2011-12-15T15:38:27,534552.3803,534552.3803,4810209.6512,4810209.6512,False,True,False,False,True,True,,False,False,unmatched_asset,2011-12-15T00:00:00,7,True,7,True
Water_Main_Breaks_-8394745777553033727.csv,1604,9592,9592,1329,1329,12/15/2011 12:00:00 AM,2011-12-15T00:00:00,MAIN,MAIN,,,,,,,,,,,REPAIR COMPLETED,REPAIR COMPLETED,12/15/2011 3:38:28 PM,2011-12-15T15:38:28,,,,,UNKNOWN,UNKNOWN,OTHER,OTHER,,,,,,,,,,,,,CATEGORY 1,CATEGORY 1,0,0,,,,,0,0,,,,,,,,,,,N,N,96d2114a-1e34-439c-8409-a42c298fe957,96d2114a-1e34-439c-8409-a42c298fe957,DAVIDV,DAVIDV,12/15/2011 3:38:28 PM,2011-12-15T15:38:28,534552.3803,534552.3803,4810209.6512,4810209.6512,False,True,False,False,True,True,,False,False,unmatched_asset,2011-12-15T00:00:00,7,True,7,True
Water_Main_Breaks_-8394745777553033727.csv,1440,9428,9428,1330,1330,12/15/2011 12:00:00 AM,2011-12-15T00:00:00,MAIN,MAIN,,,,,,,,,,,REPAIR COMPLETED,REPAIR COMPLETED,12/15/2011 3:38:28 PM,2011-12-15T15:38:28,,,,,UNKNOWN,UNKNOWN,OTHER,OTHER,,,,,,,,,,,,,CATEGORY 1,CATEGORY 1,0,0,,,,,0,0,,,,,,,,,,,N,N,54d89f5a-f3c7-4a9f-9a64-80a6696ff96b,54d89f5a-f3c7-4a9f-9a64-80a6696ff96b,DAVIDV,DAVIDV,12/15/2011 3:38:28 PM,2011-12-15T15:38:28,534552.3803,534552.3803,4810209.6512,4810209.6512,False,True,False,False,True,True,,False,False,unmatched_asset,2011-12-15T00:00:00,7,True,7,True
Water_Main_Breaks_-8394745777553033727.csv,692,8678,8678,505,505,12/15/2011 12:00:00 AM,2011-12-15T00:00:00,MAIN,MAIN,,,,,,,,,,,REPAIR COMPLETED,REPAIR COMPLETED,12/15/2011 3:38:27 PM,2011-12-15T15:38:27,,,,,UNKNOWN,UNKNOWN,OTHER,OTHER,,,,,,,,,,,,,CATEGORY 1,CATEGORY 1,0,0,,,,,0,0,,,,,,,,,,,N,N,7ce0a441-0385-45b6-b915-6c6d1a8c0876,7ce0a441-0385-45b6-b915-6c6d1a8c0876,DAVIDV,DAVIDV,12/15/2011 3:38:27 PM,2011-12-15T15:38:27,534552.3803,534552.3803,4810209.6512,4810209.6512,False,True,False,False,True,True,,False,False,unmatched_asset,2011-12-15T00:00:00,7,True,7,True
Water_Main_Breaks_-8394745777553033727.csv,2044,10037,10037,7,7,12/15/2011 12:00:00 AM,2011-12-15T00:00:00,MAIN,MAIN,,,,,,,,,,,REPAIR COMPLETED,REPAIR COMPLETED,12/15/2011 3:38:26 PM,2011-12-15T15:38:26,,,,,UNKNOWN,UNKNOWN,COMBINATION,COMBINATION,,,,,,,,,,,,,CATEGORY 1,CATEGORY 1,0,0,,,,,0,0,,,,,,,,,,,N,N,0ddf6145-505e-4b7b-bd1b-200fafd74b6c,0ddf6145-505e-4b7b-bd1b-200fafd74b6c,DAVIDV,DAVIDV,12/15/2011 3:38:26 PM,2011-12-15T15:38:26,534552.3803,534552.3803,4810209.6512,4810209.6512,False,True,False,False,True,True,,False,False,unmatched_asset,2011-12-15T00:00:00,7,True,7,True
Water_Main_Breaks_-8394745777553033727.csv,2092,10087,10087,719,719,12/15/2011 12:00:00 AM,2011-12-15T00:00:00,MAIN,MAIN,,,,,,,,,,,REPAIR COMPLETED,REPAIR COMPLETED,12/15/2011 3:38:27 PM,2011-12-15T15:38:27,,,,,UNKNOWN,UNKNOWN,OTHER,OTHER,,,,,,,,,,,,,CATEGORY 1,CATEGORY 1,0,0,,,,,0,0,,,,,,,,,,,N,N,22d45af0-73e8-4bba-a93b-797f4a85b919,22d45af0-73e8-4bba-a93b-797f4a85b919,DAVIDV,DAVIDV,12/15/2011 3:38:27 PM,2011-12-15T15:38:27,534552.3803,534552.3803,4810209.6512,4810209.6512,False,True,False,False,True,True,,False,False,unmatched_asset,2011-12-15T00:00:00,7,True,7,True
Water_Main_Breaks_-8394745777553033727.csv,2031,10024,10024,725,725,12/15/2011 12:00:00 AM,2011-12-15T00:00:00,MAIN,MAIN,,,,,,,,,,,REPAIR COMPLETED,REPAIR COMPLETED,12/15/2011 3:38:27 PM,2011-12-15T15:38:27,,,,,UNKNOWN,UNKNOWN,OTHER,OTHER,,,,,,,,,,,,,CATEGORY 1,CATEGORY 1,0,0,,,,,0,0,,,,,,,,,,,N,N,73973bb7-ceba-45aa-b61f-f4900024a35d,73973bb7-ceba-45aa-b61f-f4900024a35d,DAVIDV,DAVIDV,12/15/2011 3:38:27 PM,2011-12-15T15:38:27,534552.3803,534552.3803,4810209.6512,4810209.6512,False,True,False,False,True,True,,False,False,unmatched_asset,2011-12-15T00:00:00,7,True,7,True
Water_Main_Breaks_-8394745777553033727.csv,2560,36482,36482,140716,140716,2/17/2021 9:53:29 AM,2021-02-17T09:53:29,MAIN,MAIN,Closed,Closed,Open,Open,20-24 hours,20-24 hours,0-50,0-50,,,CANCELLED,CANCELLED,,,299742,299742,,,,,,,,,,,,,,,,,,,,,0,0,,,,,0,0,,,,,,,,,,,N,N,c3e03c5c-1489-4eb2-88e4-645ea92bdf8c,c3e03c5c-1489-4eb2-88e4-645ea92bdf8c,,,,,556983.0485,556983.0485,4820814.069,4820814.069,False,False,False,False,True,True,,False,False,repair_not_completed,2021-02-17T00:00:00,3,True,0,False
Water_Main_Breaks_-8394745777553033727.csv,2561,36483,36483,140718,140718,2/17/2021 10:03:55 AM,2021-02-17T10:03:55,MAIN,MAIN,Closed,Closed,Open,Open,20-24 hours,20-24 hours,0-50,0-50,,,CANCELLED,CANCELLED,,,299744,299744,,,,,,,,,,,,,,,,,,,,,0,0,,,,,0,0,,,,,,,,,,,N,N,1ceaeaa1-570c-4a84-ab3a-8c0b1568d6af,1ceaeaa1-570c-4a84-ab3a-8c0b1568d6af,,,,,556983.0485,556983.0485,4820814.069,4820814.069,False,False,False,False,True,True,,False,False,repair_not_completed,2021-02-17T00:00:00,3,True,0,False
Water_Main_Breaks_-8394745777553033727.csv,2562,36484,36484,140720,140720,2/17/2021 12:05:32 PM,2021-02-17T12:05:32,MAIN,MAIN,Closed,Closed,Open,Open,20-24 hours,20-24 hours,0-50,0-50,,,CANCELLED,CANCELLED,,,299764,299764,,,,,,,,,,,,,,,,,,,,,0,0,,,,,0,0,,,,,,,,,,,N,N,50bb8e78-1a55-43cb-89ad-08707b9fcde0,50bb8e78-1a55-43cb-89ad-08707b9fcde0,,,,,556983.0485,556983.0485,4820814.069,4820814.069,False,False,False,False,True,True,,False,False,repair_not_completed,2021-02-17T00:00:00,3,True,0,False
Water_Main_Breaks_-8394745777553033727.csv,2500,24672,24672,138594,138594,6/25/2020 11:28:04 AM,2020-06-25T11:28:04,MAIN,MAIN,Closed,Closed,Open,Open,8-12 hours,8-12 hours,0-50,0-50,,,REPAIR COMPLETED,REPAIR COMPLETED,,,279543,279543,,,,,,,,,,,,,,,,,,,,,6911,6911,5,5,STIRLING AVE S,STIRLING AVE S,137254,137254,,,,,150,150,1940,1940,CI,CI,Y,Y,270277e6-79d2-436c-b5e6-b91de22c9c4f,270277e6-79d2-436c-b5e6-b91de22c9c4f,,,,,542304.0391,542304.0391,4810274.0296,4810274.0296,False,True,True,False,False,False,1940-01-01T00:00:00,False,True,reliable_event,2020-06-25T00:00:00,2,True,1,False
Water_Main_Breaks_-8394745777553033727.csv,2501,24961,24961,138596,138596,6/25/2020 7:54:53 PM,2020-06-25T19:54:53,MAIN,MAIN,Closed,Closed,Open,Open,4-8 hours,4-8 hours,0-50,0-50,,,CANCELLED,CANCELLED,9/25/2023 10:45:01 AM,2023-09-25T10:45:01,279578,279578,6/25/2020 11:50:59 PM,2020-06-25T23:50:59,CORROSION,CORROSION,AGE,AGE,CUTOUT,CUTOUT,,,,,,,10343,10343,"10343,558","10343,558",CATEGORY 1,CATEGORY 1,6911,6911,5,5,STIRLING AVE S,STIRLING AVE S,137254,137254,,,0,0,150,150,1940,1940,CI,CI,N,N,cebfd73b-c97c-4cec-9ae2-8b4c39b30755,cebfd73b-c97c-4cec-9ae2-8b4c39b30755,,,,,542301.1359,542301.1359,4810268.7424,4810268.7424,False,False,True,False,False,False,1940-01-01T00:00:00,False,False,repair_not_completed,2020-06-25T00:00:00,2,True,0,False
Water_Main_Breaks_-8394745777553033727.csv,2029,10022,10022,1511,1511,10/25/2010 12:00:00 AM,2010-10-25T00:00:00,MAIN,MAIN,,,,,,,,,,,REPAIR COMPLETED,REPAIR COMPLETED,12/15/2011 3:38:28 PM,2011-12-15T15:38:28,35842,35842,,,LONGITUDINAL,LONGITUDINAL,COMBINATION,COMBINATION,,,,,,,,,,,,,CATEGORY 1,CATEGORY 1,12659,12659,934,934,GUELPH ST,GUELPH ST,17720,17720,,,,,150,150,1957,1957,CI,CI,Y,Y,754be7fb-1276-492d-a7bf-87b1b1feed29,754be7fb-1276-492d-a7bf-87b1b1feed29,DAVIDV,DAVIDV,12/15/2011 3:38:28 PM,2011-12-15T15:38:28,542266.9077,542266.9077,4812840.1821,4812840.1821,False,True,True,False,False,False,1957-01-01T00:00:00,False,True,reliable_event,2010-10-25T00:00:00,2,True,2,True
Water_Main_Breaks_-8394745777553033727.csv,2086,10081,10081,1537,1537,10/25/2010 12:00:00 AM,2010-10-25T00:00:00,MAIN,MAIN,,,,,,,,,,,REPAIR COMPLETED,REPAIR COMPLETED,12/15/2011 3:38:27 PM,2011-12-15T15:38:27,35842,35842,,,LONGITUDINAL,LONGITUDINAL,COMBINATION,COMBINATION,,,,,,,,,,,,,CATEGORY 1,CATEGORY 1,12659,12659,976,976,GUELPH ST,GUELPH ST,17720,17720,,,,,150,150,1957,1957,CI,CI,Y,Y,4d1c1a57-7bbf-4106-aaaf-5bab70d5f088,4d1c1a57-7bbf-4106-aaaf-5bab70d5f088,DAVIDV,DAVIDV,12/15/2011 3:38:27 PM,2011-12-15T15:38:27,542373.4752,542373.4752,4812882.6651,4812882.6651,False,True,True,False,False,False,1957-01-01T00:00:00,False,True,reliable_event,2010-10-25T00:00:00,2,True,2,True
Water_Main_Breaks_-8394745777553033727.csv,1375,9363,9363,1893,1893,3/27/2014 12:00:00 AM,2014-03-27T00:00:00,MAIN,MAIN,,,,,,,,,,,REPAIR COMPLETED,REPAIR COMPLETED,8/8/2014 12:00:00 AM,2014-08-08T00:00:00,98331,98331,,,UNKNOWN,UNKNOWN,OTHER,OTHER,,,,,,,,,,,,,CATEGORY 1,CATEGORY 1,11340,11340,337,337,HIGHLAND RD E,HIGHLAND RD E,19080,19080,,,,,150,150,1952,1952,CI,CI,Y,Y,f1c4404f-76a2-46cf-b2ff-0366cb5b2b27,f1c4404f-76a2-46cf-b2ff-0366cb5b2b27,DAVIDV,DAVIDV,8/8/2014 12:00:00 AM,2014-08-08T00:00:00,541295.8652,541295.8652,4809154.6372,4809154.6372,False,True,True,False,False,False,1952-01-01T00:00:00,False,True,reliable_event,2014-03-27T00:00:00,2,True,2,True
Water_Main_Breaks_-8394745777553033727.csv,1378,9366,9366,1896,1896,3/27/2014 12:00:00 AM,2014-03-27T00:00:00,MAIN,MAIN,,,,,,,,,,,REPAIR COMPLETED,REPAIR COMPLETED,8/8/2014 12:00:00 AM,2014-08-08T00:00:00,98331,98331,,,UNKNOWN,UNKNOWN,OTHER,OTHER,,,,,,,,,,,,,CATEGORY 1,CATEGORY 1,11340,11340,337,337,HIGHLAND RD E,HIGHLAND RD E,19080,19080,,,,,150,150,1952,1952,CI,CI,Y,Y,aea9b0ba-5a6a-4805-b3de-0aada945e5a1,aea9b0ba-5a6a-4805-b3de-0aada945e5a1,DAVIDV,DAVIDV,8/8/2014 12:00:00 AM,2014-08-08T00:00:00,541292.8946,541292.8946,4809160.4679,4809160.4679,False,True,True,False,False,False,1952-01-01T00:00:00,False,True,reliable_event,2014-03-27T00:00:00,2,True,2,True
Water_Main_Breaks_-8394745777553033727.csv,978,8964,8964,1368,1368,2/14/2009 12:00:00 AM,2009-02-14T00:00:00,MAIN,MAIN,,,,,,,,,,,REPAIR COMPLETED,REPAIR COMPLETED,12/15/2011 3:38:28 PM,2011-12-15T15:38:28,4894,4894,,,UNKNOWN,UNKNOWN,OTHER,OTHER,,,,,,,,,,,,,CATEGORY 1,CATEGORY 1,22322,22322,39,39,JANSEN AVE,JANSEN AVE,20570,20570,,,,,150,150,1961,1961,CI,CI,N,N,e0f9be1d-ebd9-4b8b-8d36-896ace18c7af,e0f9be1d-ebd9-4b8b-8d36-896ace18c7af,DAVIDV,DAVIDV,12/15/2011 3:38:28 PM,2011-12-15T15:38:28,545720.2939,545720.2939,4808798.0191,4808798.0191,False,True,False,False,True,False,,False,False,unmatched_asset,2009-02-14T00:00:00,2,True,2,True
Water_Main_Breaks_-8394745777553033727.csv,610,8596,8596,1370,1370,2/14/2009 12:00:00 AM,2009-02-14T00:00:00,MAIN,MAIN,,,,,,,,,,,REPAIR COMPLETED,REPAIR COMPLETED,12/15/2011 3:38:28 PM,2011-12-15T15:38:28,4902,4902,,,UNKNOWN,UNKNOWN,OTHER,OTHER,,,,,,,,,,,,,CATEGORY 1,CATEGORY 1,22328,22328,99,99,JANSEN AVE,JANSEN AVE,20570,20570,,,,,150,150,1961,1961,CI,CI,N,N,b13ce28e-9e55-4da4-9ea5-0722cde5cd7b,b13ce28e-9e55-4da4-9ea5-0722cde5cd7b,DAVIDV,DAVIDV,12/15/2011 3:38:28 PM,2011-12-15T15:38:28,545846.9894,545846.9894,4808899.0554,4808899.0554,False,True,False,False,True,False,,False,False,unmatched_asset,2009-02-14T00:00:00,2,True,2,True
Water_Main_Breaks_-8394745777553033727.csv,2038,10031,10031,1498,1498,8/19/2010 12:00:00 AM,2010-08-19T00:00:00,MAIN,MAIN,,,,,,,,,,,REPAIR COMPLETED,REPAIR COMPLETED,12/15/2011 3:38:28 PM,2011-12-15T15:38:28,29630,29630,,,CORROSION AND LONGITUDINAL,CORROSION AND LONGITUDINAL,COMBINATION,COMBINATION,,,,,,,,,,,,,CATEGORY 1,CATEGORY 1,9382,9382,85,85,OTTAWA ST S,OTTAWA ST S,29630,29630,,,,,150,150,1923,1923,CI,CI,N,N,74ec656e-849e-4d11-838d-a16d4c58e297,74ec656e-849e-4d11-838d-a16d4c58e297,DAVIDV,DAVIDV,12/15/2011 3:38:28 PM,2011-12-15T15:38:28,542603.7064,542603.7064,4809814.3508,4809814.3508,False,True,False,False,True,False,,False,False,unmatched_asset,2010-08-19T00:00:00,2,True,2,True
Water_Main_Breaks_-8394745777553033727.csv,2122,10124,10124,1523,1523,8/19/2010 12:00:00 AM,2010-08-19T00:00:00,MAIN,MAIN,,,,,,,,,,,REPAIR COMPLETED,REPAIR COMPLETED,12/15/2011 3:38:27 PM,2011-12-15T15:38:27,32504,32504,,,CORROSION AND LONGITUDINAL,CORROSION AND LONGITUDINAL,COMBINATION,COMBINATION,,,,,,,,,,,,,CATEGORY 1,CATEGORY 1,9382,9382,89,89,OTTAWA ST S,OTTAWA ST S,29630,29630,,,,,150,150,1923,1923,CI,CI,N,N,f5329fef-1495-455c-8f22-fc971e4b4c87,f5329fef-1495-455c-8f22-fc971e4b4c87,DAVIDV,DAVIDV,12/15/2011 3:38:27 PM,2011-12-15T15:38:27,542582.5825,542582.5825,4809786.4318,4809786.4318,False,True,False,False,True,False,,False,False,unmatched_asset,2010-08-19T00:00:00,2,True,2,True
Water_Main_Breaks_-8394745777553033727.csv,2930,107843,107843,156633,156633,12/3/2025 8:01:06 PM,2025-12-03T20:01:06,MAIN,MAIN,Partially Closed,Partially Closed,Open,Open,4-8 hours,4-8 hours,0-50,0-50,,,REPAIR COMPLETED,REPAIR COMPLETED,12/4/2025 7:47:38 PM,2025-12-04T19:47:38,457056,457056,,,,,,,,,,,,,,,,,,,,,23045,23045,15,15,SCENIC DR,SCENIC DR,33990,33990,,,,,150,150,1963,1963,CI,CI,Y,Y,46896898-7fe2-4e8a-ad0f-f69d616f51b7,46896898-7fe2-4e8a-ad0f-f69d616f51b7,,,,,546466.2727,546466.2727,4809024.269,4809024.269,False,True,True,False,False,False,1963-12-01T00:00:00,False,True,reliable_event,2025-12-03T00:00:00,3,True,1,False
Water_Main_Breaks_-8394745777553033727.csv,2931,107844,107844,156634,156634,12/3/2025 8:01:21 PM,2025-12-03T20:01:21,MAIN,MAIN,Partially Closed,Partially Closed,Open,Open,4-8 hours,4-8 hours,0-50,0-50,,,CANCELLED,CANCELLED,12/3/2025 8:01:21 PM,2025-12-03T20:01:21,457058,457058,,,,,,,,,,,,,,,,,,,,,23045,23045,15,15,SCENIC DR,SCENIC DR,33990,33990,,,,,150,150,1963,1963,CI,CI,N,N,20215882-d245-43ea-afe8-854eaac8ecb0,20215882-d245-43ea-afe8-854eaac8ecb0,,,,,546466.2727,546466.2727,4809024.269,4809024.269,False,False,True,False,False,False,1963-12-01T00:00:00,False,False,repair_not_completed,2025-12-03T00:00:00,3,True,0,False
Water_Main_Breaks_-8394745777553033727.csv,2932,107845,107845,156635,156635,12/3/2025 8:01:40 PM,2025-12-03T20:01:40,MAIN,MAIN,Partially Closed,Partially Closed,Open,Open,4-8 hours,4-8 hours,0-50,0-50,,,CANCELLED,CANCELLED,12/3/2025 8:01:40 PM,2025-12-03T20:01:40,457057,457057,,,,,,,,,,,,,,,,,,,,,23045,23045,15,15,SCENIC DR,SCENIC DR,33990,33990,,,,,150,150,1963,1963,CI,CI,N,N,53ae4641-b0ff-478e-90a9-313f59dee714,53ae4641-b0ff-478e-90a9-313f59dee714,,,,,546466.2727,546466.2727,4809024.269,4809024.269,False,False,True,False,False,False,1963-12-01T00:00:00,False,False,repair_not_completed,2025-12-03T00:00:00,3,True,0,False
Water_Main_Breaks_-8394745777553033727.csv,2108,10106,10106,1450,1450,1/26/2010 12:00:00 AM,2010-01-26T00:00:00,MAIN,MAIN,,,,,,,,,,,REPAIR COMPLETED,REPAIR COMPLETED,12/15/2011 3:38:28 PM,2011-12-15T15:38:28,22881,22881,,,LONGITUDINAL,LONGITUDINAL,PRESSURE,PRESSURE,,,,,,,,,,,,,CATEGORY 1,CATEGORY 1,20671,20671,100,100,BLUERIDGE AVE,BLUERIDGE AVE,3640,3640,,,,,150,150,1956,1956,CI,CI,Y,Y,c6251c73-7729-4a1e-9947-5de325093f2c,c6251c73-7729-4a1e-9947-5de325093f2c,DAVIDV,DAVIDV,12/15/2011 3:38:28 PM,2011-12-15T15:38:28,540093.3942,540093.3942,4808939.8231,4808939.8231,False,True,True,False,False,False,1956-01-01T00:00:00,False,True,reliable_event,2010-01-26T00:00:00,2,True,2,True
Water_Main_Breaks_-8394745777553033727.csv,1245,9232,9232,1451,1451,1/26/2010 12:00:00 AM,2010-01-26T00:00:00,MAIN,MAIN,,,,,,,,,,,REPAIR COMPLETED,REPAIR COMPLETED,12/15/2011 3:38:28 PM,2011-12-15T15:38:28,22883,22883,,,LONGITUDINAL,LONGITUDINAL,PRESSURE,PRESSURE,,,,,,,,,,,,,CATEGORY 1,CATEGORY 1,20671,20671,120,120,BLUERIDGE AVE,BLUERIDGE AVE,3640,3640,,,,,150,150,1956,1956,CI,CI,Y,Y,9a91c681-51ea-4c9a-b06d-dc3217a11ddd,9a91c681-51ea-4c9a-b06d-dc3217a11ddd,DAVIDV,DAVIDV,12/15/2011 3:38:28 PM,2011-12-15T15:38:28,540155.2703,540155.2703,4808951.7876,4808951.7876,False,True,True,False,False,False,1956-01-01T00:00:00,False,True,reliable_event,2010-01-26T00:00:00,2,True,2,True
Water_Main_Breaks_-8394745777553033727.csv,2542,33925,33925,140294,140294,1/16/2021 8:30:32 AM,2021-01-16T08:30:32,MAIN,MAIN,Closed,Closed,Open,Open,4-8 hours,4-8 hours,0-50,0-50,,,CANCELLED,CANCELLED,,,298135,298135,,,,,,,,,,,,,,,"632,659","632,659",632,632,,,10427,10427,64,64,BOEHMER ST,BOEHMER ST,3680,3680,,,,,,,,,,,N,N,4ab4f0f3-960e-4a8d-882e-57dbec087fbe,4ab4f0f3-960e-4a8d-882e-57dbec087fbe,,,,,541285.3574,541285.3574,4812908.3472,4812908.3472,False,False,False,False,True,False,,False,False,repair_not_completed,2021-01-16T00:00:00,2,True,0,False
Water_Main_Breaks_-8394745777553033727.csv,2543,33926,33926,140296,140296,1/16/2021 8:31:03 AM,2021-01-16T08:31:03,MAIN,MAIN,Closed,Closed,Open,Open,4-8 hours,4-8 hours,0-50,0-50,,,REPAIR COMPLETED,REPAIR COMPLETED,,,298134,298134,,,,,,,,,,,,,,,,,,,,,10430,10430,58,58,BOEHMER ST,BOEHMER ST,3680,3680,,,0,0,,,,,,,N,N,72a3e429-c580-4d7b-a8a5-ef6e81f20639,72a3e429-c580-4d7b-a8a5-ef6e81f20639,,,,,541285.3522,541285.3522,4812900.2871,4812900.2871,False,True,False,False,True,False,,False,False,unmatched_asset,2021-01-16T00:00:00,2,True,1,False
Water_Main_Breaks_-8394745777553033727.csv,1425,9413,9413,1302,1302,1/27/1997 12:00:00 AM,1997-01-27T00:00:00,MAIN,MAIN,,,,,,,,,,,REPAIR COMPLETED,REPAIR COMPLETED,12/15/2011 3:38:28 PM,2011-12-15T15:38:28,,,,,UNKNOWN,UNKNOWN,OTHER,OTHER,,,,,,,,,,,,,CATEGORY 1,CATEGORY 1,10015,10015,777,777,WEBER ST E,WEBER ST E,41030,41030,,,,,150,150,1952,1952,CI,CI,Y,Y,7b806d9b-685b-48bc-a464-226b4b53a2e1,7b806d9b-685b-48bc-a464-226b4b53a2e1,DAVIDV,DAVIDV,12/15/2011 3:38:28 PM,2011-12-15T15:38:28,543629.0384,543629.0384,4809701.1112,4809701.1112,False,True,True,False,False,False,1952-01-01T00:00:00,False,True,reliable_event,1997-01-27T00:00:00,2,True,2,True
Water_Main_Breaks_-8394745777553033727.csv,1220,9206,9206,175,175,1/27/1997 12:00:00 AM,1997-01-27T00:00:00,MAIN,MAIN,,,,,,,,,,,REPAIR COMPLETED,REPAIR COMPLETED,12/15/2011 3:38:26 PM,2011-12-15T15:38:26,,,,,UNKNOWN,UNKNOWN,OTHER,OTHER,,,,,,,,,,,,,CATEGORY 1,CATEGORY 1,10015,10015,777,777,WEBER ST E,WEBER ST E,41030,41030,,,,,150,150,1952,1952,CI,CI,Y,Y,e6817944-729e-4bbb-b4f4-cf1f088b0000,e6817944-729e-4bbb-b4f4-cf1f088b0000,DAVIDV,DAVIDV,12/15/2011 3:38:26 PM,2011-12-15T15:38:26,543607.423,543607.423,4809711.4871,4809711.4871,False,True,True,False,False,False,1952-01-01T00:00:00,False,True,reliable_event,1997-01-27T00:00:00,2,True,2,True
Water_Main_Breaks_-8394745777553033727.csv,1773,9761,9761,916,916,2/5/2002 12:00:00 AM,2002-02-05T00:00:00,MAIN,MAIN,,,,,,,,,,,REPAIR COMPLETED,REPAIR COMPLETED,12/15/2011 3:38:27 PM,2011-12-15T15:38:27,,,,,UNKNOWN,UNKNOWN,OTHER,OTHER,,,,,,,,,,,,,CATEGORY 1,CATEGORY 1,5510,5510,307,307,WESTWOOD DR,WESTWOOD DR,42920,42920,,,,,300,300,1969,1969,DI,DI,Y,Y,588805ce-98f6-4ead-b7c4-e00e89647c56,588805ce-98f6-4ead-b7c4-e00e89647c56,DAVIDV,DAVIDV,12/15/2011 3:38:27 PM,2011-12-15T15:38:27,537557.5294,537557.5294,4810029.5565,4810029.5565,False,True,True,False,False,False,1969-01-01T00:00:00,False,True,reliable_event,2002-02-05T00:00:00,2,True,2,True
Water_Main_Breaks_-8394745777553033727.csv,1835,9823,9823,917,917,2/5/2002 12:00:00 AM,2002-02-05T00:00:00,MAIN,MAIN,,,,,,,,,,,REPAIR COMPLETED,REPAIR COMPLETED,12/15/2011 3:38:27 PM,2011-12-15T15:38:27,,,,,UNKNOWN,UNKNOWN,OTHER,OTHER,,,,,,,,,,,,,CATEGORY 1,CATEGORY 1,5510,5510,311,311,WESTWOOD DR,WESTWOOD DR,42920,42920,,,,,300,300,1969,1969,DI,DI,Y,Y,09882280-c18b-4804-938c-db6f2f4644f4,09882280-c18b-4804-938c-db6f2f4644f4,DAVIDV,DAVIDV,12/15/2011 3:38:27 PM,2011-12-15T15:38:27,537541.6141,537541.6141,4810022.9292,4810022.9292,False,True,True,False,False,False,1969-01-01T00:00:00,False,True,reliable_event,2002-02-05T00:00:00,2,True,2,True
Water_Main_Breaks_-8394745777553033727.csv,2398,10403,10403,1649,1649,12/15/2011 3:38:26 PM,2011-12-15T15:38:26,MAIN,MAIN,,,,,,,,,,,REPAIR COMPLETED,REPAIR COMPLETED,12/15/2011 3:38:26 PM,2011-12-15T15:38:26,,,,,UNKNOWN,UNKNOWN,OTHER,OTHER,,,,,,,,,,,,,CATEGORY 1,CATEGORY 1,12575,12575,22,22,SCHWEITZER ST,SCHWEITZER ST,442,442,,,,,,,,,,,N,N,2856d12e-af01-4b4b-af30-4b6a27c1a8c0,2856d12e-af01-4b4b-af30-4b6a27c1a8c0,DAVIDV,DAVIDV,4/9/2019 12:00:00 AM,2019-04-09T00:00:00,542628.9496,542628.9496,4814225.4156,4814225.4156,False,True,False,False,True,False,,False,False,unmatched_asset,2011-12-15T00:00:00,2,True,2,True
Water_Main_Breaks_-8394745777553033727.csv,2399,10404,10404,1650,1650,12/15/2011 3:38:26 PM,2011-12-15T15:38:26,MAIN,MAIN,,,,,,,,,,,REPAIR COMPLETED,REPAIR COMPLETED,12/15/2011 3:38:26 PM,2011-12-15T15:38:26,,,,,UNKNOWN,UNKNOWN,OTHER,OTHER,,,,,,,,,,,,,CATEGORY 1,CATEGORY 1,12575,12575,28,28,SCHWEITZER ST,SCHWEITZER ST,442,442,,,,,,,,,,,N,N,28127933-1e75-4f29-b86a-7d93a4ec62b3,28127933-1e75-4f29-b86a-7d93a4ec62b3,DAVIDV,DAVIDV,4/9/2019 12:00:00 AM,2019-04-09T00:00:00,542648.5523,542648.5523,4814233.9852,4814233.9852,False,True,False,False,True,False,,False,False,unmatched_asset,2011-12-15T00:00:00,2,True,2,True
Water_Main_Breaks_-8394745777553033727.csv,952,8938,8938,182,182,2/4/1999 12:00:00 AM,1999-02-04T00:00:00,MAIN,MAIN,,,,,,,,,,,REPAIR COMPLETED,REPAIR COMPLETED,12/15/2011 3:38:26 PM,2011-12-15T15:38:26,,,,,UNKNOWN,UNKNOWN,OTHER,OTHER,,,,,,,,,,,,,CATEGORY 1,CATEGORY 1,22970,22970,38,38,BROADMOOR AVE,BROADMOOR AVE,62530,62530,,,,,150,150,1999,1999,PVC,PVC,N,N,d5a77511-796c-4162-a62f-59beb0b1894c,d5a77511-796c-4162-a62f-59beb0b1894c,DAVIDV,DAVIDV,12/15/2011 3:38:26 PM,2011-12-15T15:38:26,543992,543992,4808314,4808314,False,True,True,False,False,False,1999-06-01T00:00:00,True,False,event_before_install,1999-02-04T00:00:00,2,True,2,True
Water_Main_Breaks_-8394745777553033727.csv,2158,10162,10162,183,183,2/4/1999 12:00:00 AM,1999-02-04T00:00:00,MAIN,MAIN,,,,,,,,,,,REPAIR COMPLETED,REPAIR COMPLETED,12/15/2011 3:38:26 PM,2011-12-15T15:38:26,,,,,UNKNOWN,UNKNOWN,OTHER,OTHER,,,,,,,,,,,,,CATEGORY 1,CATEGORY 1,22970,22970,78,78,BROADMOOR AVE,BROADMOOR AVE,62530,62530,,,,,150,150,1999,1999,PVC,PVC,N,N,0a089a9f-e45e-4768-bfee-d8329c1b9370,0a089a9f-e45e-4768-bfee-d8329c1b9370,DAVIDV,DAVIDV,12/15/2011 3:38:26 PM,2011-12-15T15:38:26,543941,543941,4808257,4808257,False,True,True,False,False,False,1999-06-01T00:00:00,True,False,event_before_install,1999-02-04T00:00:00,2,True,2,True
Water_Main_Breaks_-8394745777553033727.csv,168,8152,8152,202,202,3/2/2003 12:00:00 AM,2003-03-02T00:00:00,MAIN,MAIN,,,,,,,,,,,REPAIR COMPLETED,REPAIR COMPLETED,12/15/2011 3:38:26 PM,2011-12-15T15:38:26,,,,,UNKNOWN,UNKNOWN,OTHER,OTHER,,,,,,,,,,,,,CATEGORY 1,CATEGORY 1,10135,10135,28,28,CLIVE RD,CLIVE RD,69385,69385,,,,,150,150,2008,2008,PVC,PVC,N,N,9d838527-18e6-46a9-a20d-d648a6f7b81c,9d838527-18e6-46a9-a20d-d648a6f7b81c,DAVIDV,DAVIDV,12/15/2011 3:38:26 PM,2011-12-15T15:38:26,543562,543562,4810134,4810134,False,True,True,False,False,False,2008-08-30T00:00:00,True,False,event_before_install,2003-03-02T00:00:00,2,True,2,True
Water_Main_Breaks_-8394745777553033727.csv,1322,9310,9310,203,203,3/2/2003 12:00:00 AM,2003-03-02T00:00:00,MAIN,MAIN,,,,,,,,,,,REPAIR COMPLETED,REPAIR COMPLETED,12/15/2011 3:38:26 PM,2011-12-15T15:38:26,,,,,UNKNOWN,UNKNOWN,OTHER,OTHER,,,,,,,,,,,,,CATEGORY 1,CATEGORY 1,10135,10135,28,28,CLIVE RD,CLIVE RD,69385,69385,,,,,150,150,2008,2008,PVC,PVC,N,N,2bc2b236-925c-40be-9789-90740a9b1312,2bc2b236-925c-40be-9789-90740a9b1312,DAVIDV,DAVIDV,12/15/2011 3:38:26 PM,2011-12-15T15:38:26,543582,543582,4810095,4810095,False,True,True,False,False,False,2008-08-30T00:00:00,True,False,event_before_install,2003-03-02T00:00:00,2,True,2,True
Water_Main_Breaks_-8394745777553033727.csv,426,8412,8412,11,11,7/7/1999 12:00:00 AM,1999-07-07T00:00:00,MAIN,MAIN,,,,,,,,,,,REPAIR COMPLETED,REPAIR COMPLETED,12/15/2011 3:38:26 PM,2011-12-15T15:38:26,,,,,UNKNOWN,UNKNOWN,OTHER,OTHER,,,,,,,,,,,,,CATEGORY 1,CATEGORY 1,5880,5880,575,575,KING ST W,KING ST W,76569,76569,,,,,250,250,1889,1889,CI,CI,N,N,07f5c424-4295-4620-8a97-a31d73d3e808,07f5c424-4295-4620-8a97-a31d73d3e808,DAVIDV,DAVIDV,12/15/2011 3:38:26 PM,2011-12-15T15:38:26,540362,540362,4811291,4811291,False,True,False,False,True,False,,False,False,unmatched_asset,1999-07-07T00:00:00,2,True,2,True
Water_Main_Breaks_-8394745777553033727.csv,98,8082,8082,1317,1317,7/7/1999 12:00:00 AM,1999-07-07T00:00:00,MAIN,MAIN,,,,,,,,,,,REPAIR COMPLETED,REPAIR COMPLETED,12/15/2011 3:38:28 PM,2011-12-15T15:38:28,,,,,UNKNOWN,UNKNOWN,OTHER,OTHER,,,,,,,,,,,,,CATEGORY 1,CATEGORY 1,5880,5880,575,575,KING ST W,KING ST W,76569,76569,,,,,250,250,1889,1889,CI,CI,N,N,d0ced53f-00e8-4c8c-9f11-d4f5f55f04d8,d0ced53f-00e8-4c8c-9f11-d4f5f55f04d8,DAVIDV,DAVIDV,12/15/2011 3:38:28 PM,2011-12-15T15:38:28,540362,540362,4811291,4811291,False,True,False,False,True,False,,False,False,unmatched_asset,1999-07-07T00:00:00,2,True,2,True
Water_Main_Breaks_-8394745777553033727.csv,975,8961,8961,213,213,3/12/2003 12:00:00 AM,2003-03-12T00:00:00,MAIN,MAIN,,,,,,,,,,,REPAIR COMPLETED,REPAIR COMPLETED,12/15/2011 3:38:26 PM,2011-12-15T15:38:26,,,,,UNKNOWN,UNKNOWN,OTHER,OTHER,,,,,,,,,,,,,CATEGORY 1,CATEGORY 1,9843,9843,20,20,GRIFFIN AVE,GRIFFIN AVE,77106,77106,,,,,150,150,2012,2012,PVC,PVC,N,N,5e97c1d0-48e3-4234-aa98-eb50df5c6fa1,5e97c1d0-48e3-4234-aa98-eb50df5c6fa1,DAVIDV,DAVIDV,12/15/2011 3:38:26 PM,2011-12-15T15:38:26,543002.947,543002.947,4810937.0997,4810937.0997,False,True,True,False,False,False,2012-02-06T00:00:00,True,False,event_before_install,2003-03-12T00:00:00,2,True,2,True
Water_Main_Breaks_-8394745777553033727.csv,1519,9507,9507,214,214,3/12/2003 12:00:00 AM,2003-03-12T00:00:00,MAIN,MAIN,,,,,,,,,,,REPAIR COMPLETED,REPAIR COMPLETED,12/15/2011 3:38:26 PM,2011-12-15T15:38:26,,,,,UNKNOWN,UNKNOWN,OTHER,OTHER,,,,,,,,,,,,,CATEGORY 1,CATEGORY 1,9843,9843,30,30,GRIFFIN AVE,GRIFFIN AVE,77106,77106,,,,,150,150,2012,2012,PVC,PVC,N,N,1c2234d4-2bd2-41ad-9c5e-0d36a4c3f7a8,1c2234d4-2bd2-41ad-9c5e-0d36a4c3f7a8,DAVIDV,DAVIDV,12/15/2011 3:38:26 PM,2011-12-15T15:38:26,543035.8284,543035.8284,4810953.3303,4810953.3303,False,True,True,False,False,False,2012-02-06T00:00:00,True,False,event_before_install,2003-03-12T00:00:00,2,True,2,True
Water_Main_Breaks_-8394745777553033727.csv,88,8072,8072,462,462,12/24/2004 12:00:00 AM,2004-12-24T00:00:00,MAIN,MAIN,,,,,,,,,,,REPAIR COMPLETED,REPAIR COMPLETED,12/15/2011 3:38:26 PM,2011-12-15T15:38:26,,,,,UNKNOWN,UNKNOWN,OTHER,OTHER,,,,,,,,,,,,,CATEGORY 1,CATEGORY 1,11330,11330,319,319,SPADINA RD E,SPADINA RD E,77368,77368,,,,,150,150,2011,2011,PVCO,PVCO,N,N,26c392d8-87e1-495c-a801-d547b3634b08,26c392d8-87e1-495c-a801-d547b3634b08,DAVIDV,DAVIDV,12/15/2011 3:38:26 PM,2011-12-15T15:38:26,541277.1435,541277.1435,4809708.9718,4809708.9718,False,True,True,False,False,False,2011-08-04T00:00:00,True,False,event_before_install,2004-12-24T00:00:00,2,True,2,True
Water_Main_Breaks_-8394745777553033727.csv,1590,9578,9578,475,475,12/24/2004 12:00:00 AM,2004-12-24T00:00:00,MAIN,MAIN,,,,,,,,,,,REPAIR COMPLETED,REPAIR COMPLETED,12/15/2011 3:38:26 PM,2011-12-15T15:38:26,,,,,UNKNOWN,UNKNOWN,OTHER,OTHER,,,,,,,,,,,,,CATEGORY 1,CATEGORY 1,11330,11330,311,311,SPADINA RD E,SPADINA RD E,77368,77368,,,,,150,150,2011,2011,PVCO,PVCO,N,N,2279496f-627a-4941-ba58-ed4259c1b3b7,2279496f-627a-4941-ba58-ed4259c1b3b7,DAVIDV,DAVIDV,12/15/2011 3:38:26 PM,2011-12-15T15:38:26,541273.7969,541273.7969,4809707.4412,4809707.4412,False,True,True,False,False,False,2011-08-04T00:00:00,True,False,event_before_install,2004-12-24T00:00:00,2,True,2,True
Water_Main_Breaks_-8394745777553033727.csv,2771,73947,73947,150280,150280,2/27/2021 12:00:00 AM,2021-02-27T00:00:00,MAIN,MAIN,,,,,,,,,,,REPAIR COMPLETED,REPAIR COMPLETED,10/11/2023 4:48:58 PM,2023-10-11T16:48:58,300351,300351,,,,,,,,,,,,,,,,,,,,,15816,15816,78,78,CONFEDERATION DR,CONFEDERATION DR,7760,7760,,,,,150,150,1966,1966,CI,CI,Y,Y,34733a1d-113f-4d79-bbc3-b6365c3dfce3,34733a1d-113f-4d79-bbc3-b6365c3dfce3,,,,,544896.3937,544896.3937,4812232.1116,4812232.1116,False,True,True,False,False,False,1966-01-01T00:00:00,False,True,reliable_event,2021-02-27T00:00:00,2,True,1,False
Water_Main_Breaks_-8394745777553033727.csv,2574,37762,37762,141054,141054,2/27/2021 9:16:48 AM,2021-02-27T09:16:48,MAIN,MAIN,Open,Open,Open,Open,4-8 hours,4-8 hours,0-50,0-50,,,CANCELLED,CANCELLED,,,300350,300350,,,,,,,,,,,,,,,1855,1855,"1854,1855","1854,1855",,,15816,15816,73,73,CONFEDERATION DR,CONFEDERATION DR,7760,7760,,,,,150,150,1966,1966,CI,CI,N,N,e18836c8-1421-47cc-a2b0-a6727da1b79e,e18836c8-1421-47cc-a2b0-a6727da1b79e,,,,,544876.063,544876.063,4812222.415,4812222.415,False,False,True,False,False,False,1966-01-01T00:00:00,False,False,repair_not_completed,2021-02-27T00:00:00,2,True,0,False
Water_Main_Breaks_-8394745777553033727.csv,2337,10341,10341,2313,2313,12/25/2017 12:00:00 AM,2017-12-25T00:00:00,MAIN,MAIN,,,,,,,,,,,REPAIR COMPLETED,REPAIR COMPLETED,11/27/2018 12:00:00 AM,2018-11-27T00:00:00,200371,200371,,,UNKNOWN,UNKNOWN,OTHER,OTHER,,,,,,,,,,,,,CATEGORY 1,CATEGORY 1,6116,6116,16,16,CLOVERDALE CRES,CLOVERDALE CRES,85314,85314,,,,,150,150,1965,1965,CI,CI,Y,Y,503bab96-e2d0-4d3b-b9a8-9b4ff66ba39f,503bab96-e2d0-4d3b-b9a8-9b4ff66ba39f,GIS_DATA,GIS_DATA,11/27/2018 12:00:00 AM,2018-11-27T00:00:00,539289.927,539289.927,4808015.7227,4808015.7227,False,True,True,False,False,False,1965-01-01T00:00:00,False,True,reliable_event,2017-12-25T00:00:00,2,True,2,True
Water_Main_Breaks_-8394745777553033727.csv,2338,10342,10342,2314,2314,12/25/2017 12:00:00 AM,2017-12-25T00:00:00,MAIN,MAIN,,,,,,,,,,,REPAIR COMPLETED,REPAIR COMPLETED,11/27/2018 12:00:00 AM,2018-11-27T00:00:00,200381,200381,,,UNKNOWN,UNKNOWN,OTHER,OTHER,,,,,,,,,,,,,CATEGORY 1,CATEGORY 1,6116,6116,16,16,CLOVERDALE CRES,CLOVERDALE CRES,85314,85314,,,,,150,150,1965,1965,CI,CI,Y,Y,0dd81435-915a-4159-84ec-a00f2cb5ad5a,0dd81435-915a-4159-84ec-a00f2cb5ad5a,GIS_DATA,GIS_DATA,11/27/2018 12:00:00 AM,2018-11-27T00:00:00,539293.2252,539293.2252,4808014.2279,4808014.2279,False,True,True,False,False,False,1965-01-01T00:00:00,False,True,reliable_event,2017-12-25T00:00:00,2,True,2,True
Water_Main_Breaks_-8394745777553033727.csv,2239,10243,10243,2404,2404,12/14/2018 12:00:00 AM,2018-12-14T00:00:00,MAIN,MAIN,,,,,,,,,,,REPAIR COMPLETED,REPAIR COMPLETED,2/26/2019 12:00:00 AM,2019-02-26T00:00:00,232727,232727,,,UNKNOWN,UNKNOWN,OTHER,OTHER,,,,,,,,,,,,,CATEGORY 1,CATEGORY 1,6116,6116,32,32,CLOVERDALE CRES,CLOVERDALE CRES,85314,85314,,,,,150,150,1965,1965,CI,CI,Y,Y,403efaac-0e54-4884-9934-2e4ff4da519f,403efaac-0e54-4884-9934-2e4ff4da519f,GIS_DATA,GIS_DATA,2/26/2019 12:00:00 AM,2019-02-26T00:00:00,539237.933,539237.933,4808018.817,4808018.817,False,True,True,False,False,False,1965-01-01T00:00:00,False,True,reliable_event,2018-12-14T00:00:00,2,True,2,True
Water_Main_Breaks_-8394745777553033727.csv,2237,10241,10241,2406,2406,12/14/2018 12:00:00 AM,2018-12-14T00:00:00,MAIN,MAIN,,,,,,,,,,,REPAIR COMPLETED,REPAIR COMPLETED,2/26/2019 12:00:00 AM,2019-02-26T00:00:00,232765,232765,,,UNKNOWN,UNKNOWN,OTHER,OTHER,,,,,,,,,,,,,CATEGORY 1,CATEGORY 1,6116,6116,36,36,CLOVERDALE CRES,CLOVERDALE CRES,85314,85314,,,,,150,150,1965,1965,CI,CI,Y,Y,3b510224-eff8-43bb-b8cc-3aa992727bee,3b510224-eff8-43bb-b8cc-3aa992727bee,GIS_DATA,GIS_DATA,2/26/2019 12:00:00 AM,2019-02-26T00:00:00,539218.4689,539218.4689,4808002.4682,4808002.4682,False,True,True,False,False,False,1965-01-01T00:00:00,False,True,reliable_event,2018-12-14T00:00:00,2,True,2,True
Water_Main_Breaks_-8394745777553033727.csv,2436,10570,10570,136202,136202,8/25/2019 12:00:00 AM,2019-08-25T00:00:00,MAIN,MAIN,Open,Open,Open,Open,8-12 hours,8-12 hours,,,,,REPAIR COMPLETED,REPAIR COMPLETED,9/24/2019 12:00:00 AM,2019-09-24T00:00:00,253944,253944,,,LONGITUDINAL,LONGITUDINAL,AGE,AGE,,,,,,,,,,,,,,,8736,8736,131,131,GAGE AVE,GAGE AVE,87898,87898,1.83,1.83,,,150,150,1965,1965,CI,CI,Y,Y,3fcf5049-29e6-4a97-9bec-e5aa437d2314,3fcf5049-29e6-4a97-9bec-e5aa437d2314,GIS DATA,GIS DATA,9/24/2019 12:00:00 AM,2019-09-24T00:00:00,539428.2284,539428.2284,4810675.1617,4810675.1617,False,True,True,False,False,False,1965-01-01T00:00:00,False,True,reliable_event,2019-08-25T00:00:00,2,True,2,True
Water_Main_Breaks_-8394745777553033727.csv,2437,10571,10571,136203,136203,8/25/2019 12:00:00 AM,2019-08-25T00:00:00,MAIN,MAIN,Open,Open,Open,Open,8-12 hours,8-12 hours,,,,,REPAIR COMPLETED,REPAIR COMPLETED,9/24/2019 12:00:00 AM,2019-09-24T00:00:00,253953,253953,,,OTHER,OTHER,AGE,AGE,,,,,,,,,,,,,,,1254,1254,482,482,BELMONT AVE W,BELMONT AVE W,87898,87898,2.134,2.134,,,150,150,1965,1965,CI,CI,Y,Y,62169389-c0ac-42f1-9932-47341706b2e9,62169389-c0ac-42f1-9932-47341706b2e9,GIS DATA,GIS DATA,9/24/2019 12:00:00 AM,2019-09-24T00:00:00,539321.2238,539321.2238,4810613.1825,4810613.1825,False,True,True,False,False,False,1965-01-01T00:00:00,False,True,reliable_event,2019-08-25T00:00:00,2,True,2,True
Water_Main_Breaks_-8394745777553033727.csv,71,8055,8055,1862,1862,2/1/2013 12:00:00 AM,2013-02-01T00:00:00,MAIN,MAIN,,,,,,,,,,,REPAIR COMPLETED,REPAIR COMPLETED,2/7/2014 12:00:00 AM,2014-02-07T00:00:00,77140,77140,,,FITTING/JOINT,FITTING/JOINT,CORROSION,CORROSION,,,,,,,,,,,,,CATEGORY 1,CATEGORY 1,20794,20794,3,3,WESTFOREST TRAIL,WESTFOREST TRAIL,88430,88430,,,,,300,300,1988,1988,DI,DI,Y,Y,07f1da4e-1ca3-4832-ad14-247d3887d44a,07f1da4e-1ca3-4832-ad14-247d3887d44a,DAVIDV,DAVIDV,2/7/2014 12:00:00 AM,2014-02-07T00:00:00,537294.2212,537294.2212,4809064.0688,4809064.0688,False,True,True,False,False,False,1988-01-01T00:00:00,False,True,reliable_event,2013-02-01T00:00:00,2,True,2,True
Water_Main_Breaks_-8394745777553033727.csv,73,8057,8057,1865,1865,2/1/2013 12:00:00 AM,2013-02-01T00:00:00,MAIN,MAIN,,,,,,,,,,,REPAIR COMPLETED,REPAIR COMPLETED,2/7/2014 12:00:00 AM,2014-02-07T00:00:00,77140,77140,,,CIRCUMFERENTIAL AND FITTING/JOINT,CIRCUMFERENTIAL AND FITTING/JOINT,CORROSION,CORROSION,,,,,,,,,,,,,CATEGORY 1,CATEGORY 1,6105,6105,,,VICTORIA ST S,VICTORIA ST S,88430,88430,,,,,300,300,1988,1988,DI,DI,Y,Y,aaaadaba-26aa-4b64-bae3-348f58e664d5,aaaadaba-26aa-4b64-bae3-348f58e664d5,DAVIDV,DAVIDV,2/7/2014 12:00:00 AM,2014-02-07T00:00:00,537293.1123,537293.1123,4809063.5281,4809063.5281,False,True,True,False,False,False,1988-01-01T00:00:00,False,True,reliable_event,2013-02-01T00:00:00,2,True,2,True
